PARAM,AVG_TIME,RUN,FAILED,NB_INSTANCES
1,105.23822021059459ms,1,0,1
1,56.290821774791766ms,2,0,1
1,51.767823920942504ms,3,0,1
10,152.8810208223785ms,1,1,1
10,185.02980381787742ms,2,1,1
10,213.76326289604486ms,3,1,1
