PARAM,AVG_TIME,RUN,FAILED,NB_INSTANCES
1,0.0ms,1,0,1
1,150.7955179995406ms,2,0,1
1,136.38819900006638ms,3,0,1
10,206.7006859997491ms,1,0,1
10,244.55544960019324ms,2,0,1
10,98.17978199953359ms,3,0,1
20,219.24795175004874ms,1,1,1
20,154.35662266645522ms,2,0,1
20,331.6596782999113ms,3,1,2
