PARAM,AVG_TIME,RUN,FAILED,NB_INSTANCES
1,299.2086049998761ms,1,0,0
1,221.41841400002704ms,2,0,0
1,258.5237450000477ms,3,0,0
2,117.2005995000518ms,1,0,0
2,166.99710099999265ms,2,0,0
2,318.64083200002824ms,3,0,0
3,171.15693466666926ms,1,0,0
3,442.1259530000346ms,2,0,0
3,128.61685299996375ms,3,0,0
5,185.59567180004706ms,1,0,0
5,259.0598974000386ms,2,0,0
5,347.8424847999122ms,3,0,0
