PARAM,AVG_TIME,RUN,FAILED,NB_INSTANCES
10,107.28890714000045ms,1,0,0
10,94.47682783020183ms,2,0,0
10,102.31598787037102ms,3,0,0
