PARAM,AVG_TIME,RUN,FAILED,NB_INSTANCES
20,381.83795362065524ms,1,0,4
20,191.14664437472584ms,2,1,4
20,311.70750302443616ms,3,1,4
